time,PQ,Wat1,Wat2,Wat3
2017-11-01,87.16301497133333,366.19865094666665,23.841461755333334,34.305072845333335
2017-11-02,89.53409571266667,367.5873622733333,29.538927007333335,51.84025573866666
2017-11-03,84.23956532266666,365.5619693666667,29.116526273999998,37.88579331
2017-11-04,82.41094406266667,354.08489416,25.671662144,35.49882329
2017-11-05,85.85627057800001,366.2445403533333,26.11091293533333,40.26216512
2017-11-06,90.53293350266667,368.1009405666667,29.987748944,40.286497224
2017-11-07,96.79177419933333,374.93820148,31.6498691,44.857758993333334
2017-11-08,100.368031602,379.24850946,30.488044793333334,43.330896586
2017-11-09,86.165462858,366.48637610000003,18.445883901333332,42.08051476
2017-11-10,96.09524094066667,369.8478636533333,18.293597831333333,43.043350638
2017-11-11,89.08149398466666,380.53266314666666,19.823944676666667,44.74221745733333
2017-11-12,87.76170707133333,381.00321898666664,19.612122170666666,43.320872762
2017-11-13,88.22948979933334,368.60631436,19.263904242000002,39.24721174733333
2017-11-14,89.880358444,355.64609916,24.159600543333333,50.949534865333334
2017-11-15,99.87924450933333,380.65079496000004,26.056241265333334,51.878501154666665
2017-11-16,92.11426587333334,381.34454702666665,21.915425372,49.50698552666667
2017-11-17,95.17892361933333,335.1323654066667,20.358528062,44.656604742
2017-11-18,99.55420834533334,345.77880423333335,22.829882930666667,62.18634965
2017-11-19,102.23426704133334,378.9165159666667,21.222897261333333,58.242819540666666
2017-11-20,119.00976456666666,356.23530893333333,22.781597121333334,62.23687312333333
2017-11-21,122.59345463333334,336.21725356,20.657520788666666,63.08493073
2017-11-22,117.49699454,351.83771692666664,19.799920315333335,54.55193488133333
2017-11-23,110.13278574666667,367.12324665333335,20.326036778666666,47.11074637066667
2017-11-24,111.29845246666666,378.5066675,22.588284144,57.922698507999996
2017-11-25,114.54369408,363.87264559333335,21.411830673333334,60.03251085066667
2017-11-26,120.48210914666667,320.03160123333333,21.957477908,60.494265641333335
2017-11-27,125.54481469333334,380.81725794666664,22.225569276666665,67.05397198666667
2017-11-28,122.51956926,378.96075776,24.539103958666665,60.664962254
2017-11-29,124.28395382,376.44328500666666,21.208705849333334,45.806253328
2017-11-30,119.06224958666667,374.94236665333335,35.99622187666667,53.299972808666666
2017-12-01,121.15384584,377.39628702,36.321317330666666,60.09982382
2017-12-02,117.51400539333333,375.76130873333335,36.22595880266667,45.372986768000004
2017-12-03,109.33510900666667,372.2082603333333,32.658161062,45.76363194666666
2017-12-04,112.42994760666667,373.46847701999997,34.358258744666664,42.48288942666667
2017-12-05,125.97796543999999,383.8762206266667,41.622272358000004,44.231702651333336
2017-12-06,138.24354573333332,35.77714981933333,38.634881096,42.472019074
2017-12-07,155.41935882666667,361.95360774,38.2116699,43.30237338333333
2017-12-08,143.83263899333332,387.53251318,36.494353841333336,41.428096516000004
2017-12-09,147.64692380666668,385.8912094066667,36.11351260466667,41.531123996666665
2017-12-10,141.79956316666667,386.82223565333334,34.937913384,42.37498820733333
2017-12-11,139.60121682,386.5031643533333,37.35794275933333,36.131407796666664
2017-12-12,140.50567904666667,384.47686438666665,38.936212784,43.793252562666666
2017-12-13,137.23207157333334,378.8820230266667,28.189950185333334,41.71805088866667
2017-12-14,142.72866402666665,374.9878877533333,17.663852007333332,64.61344797266666
2017-12-15,140.85878614666666,374.2685408,17.501706799333334,47.516060943333336
2017-12-16,132.9449879,373.82858670666667,17.776813124,41.67794016333333
2017-12-17,130.90166708,306.8367295933333,17.818306814666666,41.829875488666666
2017-12-18,137.78374246666667,305.74245082666664,21.775216138,41.91049429266667
2017-12-19,138.41618732666666,333.23567925333333,18.399847208,46.237995254666664
2017-12-20,138.84106299333334,331.5128616,18.105829698666668,42.096646590666666
2017-12-21,141.31586423333334,350.12941839333337,19.269282564666668,49.63496314733333
2017-12-22,143.53441569333333,364.61987365333334,16.289265662866665,52.56827444133333
2017-12-23,147.2884385,363.26826648,16.02688369133333,44.675364388666665
2017-12-24,150.49046276666667,364.68505395333335,15.424935130666666,41.15955608666667
2017-12-25,156.64514660666666,363.83274187333336,16.717094247333335,51.65076753733334
2017-12-26,154.29148985999998,365.33491467333334,17.08550238333333,52.423669982
2017-12-27,164.23938814666667,375.93700429333336,17.204883116666664,64.511328882
2017-12-28,160.72284324,362.95709193333334,24.321862368,59.16189253666667
2017-12-29,182.17545884,373.67237235333334,19.334409297333334,69.674988948
2017-12-30,186.62916105333332,376.1756693,20.440706998666666,63.148918306
2017-12-31,184.33362188,375.65442552666667,19.654378720666667,56.83856061666667
2018-01-01,174.88240888,361.9732712333333,21.95310556,52.428687022666665
2018-01-02,171.21161734,360.38064964666665,23.230372056,50.68433668066667
2018-01-03,168.79388879333334,360.7796147,24.162543954,42.328393727333335
2018-01-04,174.33828632666666,362.1094253333333,37.58942976666667,54.683704379333335
2018-01-05,174.50900255333335,361.19158526,41.10209216133333,55.197853888000004
2018-01-06,188.41942402666666,360.63965277333335,41.752098144,55.60235096066667
2018-01-07,175.70931263333333,362.58102037333333,34.97952477333333,56.935381416
2018-01-08,190.83218428,373.2882764066667,39.53073455333333,96.03922836733334
2018-01-09,183.75674248666667,361.93074416,40.39815966133333,92.828467166
2018-01-10,197.53244554,354.54031068666666,43.778558226,81.835511548
2018-01-11,191.19149150666667,368.72791180666667,42.102571170666664,71.84099791266667
2018-01-12,191.83608124,374.97901572,43.429405618666664,59.66530049466667
2018-01-13,195.70542128666665,383.7504760066667,41.82691550333333,55.977957066
2018-01-14,174.25572297333332,375.02844867333334,41.207784108,43.798995606666665
2018-01-15,144.11546816666666,373.93612547333333,38.236850899333334,47.806254984
2018-01-16,169.12634766666667,343.3003809,43.864276978,43.530029766666665
2018-01-17,140.97755153333333,342.34325196,35.69557365466667,43.80937807066667
2018-01-18,150.84404774,380.4921872666667,42.391752244,39.988898586666664
2018-01-19,162.64118282666666,382.0539362133333,42.19987450866667,45.382451056
2018-01-20,163.807235,380.84153359333334,39.697959576,56.572841888666666
2018-01-21,182.77500935333333,390.2695190466667,42.064181641333334,97.808406482
2018-01-22,189.6151445,391.4298780533333,46.320933278,95.44258015866667
2018-01-23,169.88956742666667,345.7937977266667,28.61697733866667,61.49840476266667
2018-01-24,234.78709692666666,349.99648292,50.07390843933333,95.71780499266667
2018-01-25,214.54523612,348.80080739333334,44.61097637733333,101.19505307933333
2018-01-26,206.46975336666665,398.8909361533333,40.32444802733333,99.61986149733333
2018-01-27,200.93106664666666,349.91718808666667,28.489048108,91.30185497333333
2018-01-28,169.02153918,348.72484296,23.943671676666668,73.09903445066666
2018-01-29,174.18002579333333,349.1099041,22.621234206666667,77.39002643533334
2018-01-30,162.92483152666665,348.78107029333336,21.327950738000002,70.37713757866666
2018-01-31,147.31705289333334,347.1869909733333,21.002985277333334,77.02220085866666
2018-02-01,158.98017124,378.31859175333335,20.796950646,74.57532312066667
2018-02-02,165.22913914,388.1744913333333,19.025613842000002,71.71853223333333
2018-02-03,151.83149960666665,374.9174304,19.702366401333332,72.16503043
2018-02-04,160.36140593333334,386.43325996,18.647870064,64.65181438666667
2018-02-05,171.40710241333332,377.19403064666665,18.531065204666668,68.60175981
2018-02-06,145.09788266,374.8931965066667,22.313468330666666,67.055529098
2018-02-07,165.11602277333333,387.9556209,19.609296354,72.60952240733333
2018-02-08,163.90072011333334,387.94577514,19.419439938,71.90956077866667
2018-02-09,154.48165498,388.8857456266667,17.978980748666668,67.93485135133334
2018-02-10,153.95603549333333,360.76806286666664,19.589490646666665,62.78119408333333
2018-02-11,145.24621272,373.46996586666666,18.660564979333333,61.721740568
2018-02-12,134.27668204666668,381.48114818,22.555651678,55.438912808
2018-02-13,124.26889576,392.27044782666667,20.214702066666668,53.48414235533333
2018-02-14,126.84608161333334,378.87274276,20.43102847666667,55.04993961066667
2018-02-15,137.58133736666667,366.13053761333333,21.695653811333333,54.077718741333335
2018-02-16,125.32171335333334,367.57771811333333,15.498642202933333,54.889430557333334
2018-02-17,128.06735812,385.36861885999997,14.6278897214,57.12116368866667
2018-02-18,126.34231762,384.2471024133333,23.343673156666668,55.20588655866667
2018-02-19,121.13238300666667,381.86557411333337,15.200154190400001,55.221840955333334
2018-02-20,122.83689008,353.04066593333334,15.503884915466667,52.86802767333334
2018-02-21,130.57406940666667,393.0346020933333,20.231492424,78.43215431466666
2018-02-22,121.91974338666667,392.82474447333334,23.768476544,53.735738054
2018-02-23,128.11778921333334,381.98368846,21.600635106666665,56.610184172000004
2018-02-24,130.66193685333334,393.84398482666666,21.912562748666666,63.739155794666665
2018-02-25,128.89842890666665,381.77209926,21.200251992,65.69961944733333
2018-02-26,140.67554702,381.36115528,21.95628258,64.94366498933333
2018-02-27,126.80553431999999,379.75076075333334,22.701289693333333,69.054535788
2018-02-28,132.07147466,394.38917466666663,22.707250879333333,67.44372398666667
2018-03-01,137.46254797333333,369.65256762666667,19.454528546,72.40956933
2018-03-02,137.17866174,381.97287844,16.543944791333335,62.154046175333335
2018-03-03,121.14848610666667,395.01523366,16.092238362666667,56.952794106666666
2018-03-04,115.83755536,394.0114767933333,15.628772584666667,58.036634371333335
2018-03-05,129.43264143333334,393.86194966,16.4937473538,58.02543199466667
2018-03-06,125.14548548666667,391.6976330066667,22.208318712666667,56.621764010666666
2018-03-07,128.89437781333334,390.83051642,19.486046108,53.743642624
2018-03-08,129.57770600666666,393.11272702,16.794279036333332,52.07271591
2018-03-09,123.40848542666667,388.47714916,15.917963085333334,59.10587782466666
2018-03-10,116.49896969333334,376.17331034,15.5265989668,55.593283635333336
2018-03-11,123.08029391333334,321.48299577333336,14.832289980666667,54.035593664000004
2018-03-12,131.1398884,372.87936892666664,15.107566996933333,51.333896792
2018-03-13,127.61004434666667,357.18180284,14.175894434,52.391105906
2018-03-14,116.9509382,384.90578094666665,14.829898597733333,51.20452038333333
2018-03-15,115.73482639333334,385.85680564,14.409369615266668,57.33368697
2018-03-16,115.22328128,385.10304382,14.888032788533334,53.439868145333335
2018-03-17,112.19012969866667,373.7798557533333,15.016856402333334,50.422659120666665
2018-03-18,109.33012381333333,384.17100022666665,14.2212621602,49.020060994
2018-03-19,113.28484040666667,385.1525255,13.8175891486,52.718358110666664
2018-03-20,117.56475118666667,383.66688651333334,14.749799280466666,55.63830760733333
2018-03-21,126.05028581333333,375.00269228,14.269025654066667,52.808047450000004
2018-03-22,125.62066588666667,387.36808289333334,15.569055612266666,58.83940127333333
2018-03-23,122.72001567333334,372.9751803,16.110016989333335,55.919491908
2018-03-24,119.66446792,384.8042568133333,15.064037416266666,61.82093246266667
2018-03-25,116.11325569333333,384.96558712666666,15.776515788866666,62.63143268666667
2018-03-26,120.31264263333333,386.9242742,17.46832058,58.77129166
2018-03-27,128.75111352,374.14540607333333,15.598209618,57.581890449333336
2018-03-28,109.29715260666667,385.6468590933333,16.73229351,59.710023070666665
2018-03-29,120.38061291333334,386.02638082,14.742838464933333,49.863580037333335
2018-03-30,114.32035676666666,384.51540306,14.039892309866666,53.65412183866667
2018-03-31,112.43695366,376.44118340666665,13.833259844266667,55.562871943333334
2018-04-01,103.658112332,374.00130744,14.5695405318,52.938678802
2018-04-02,117.80999207333333,386.17388992,14.482159539666666,53.073173784666665
2018-04-03,124.72882332666667,374.79992941333336,15.479514092466667,55.678934350666665
2018-04-04,125.48607482,366.5735986066667,17.730843513333333,69.669229422
2018-04-05,116.22217872,365.1871093533333,17.056624514666666,64.257156402
2018-04-06,117.19620610666666,386.0443636466667,15.315763753066665,57.13980437066667
2018-04-07,106.20128339333334,386.6605327066667,15.211978654866668,60.70947745266667
2018-04-08,102.23499997066666,371.50048932,14.054529368133334,50.974411571333334
2018-04-09,105.28708333266667,373.36635348,14.073725105733333,48.858154134
2018-04-10,102.938974134,361.61319342666667,14.587190083933333,51.35861370133333
2018-04-11,92.72360203933333,365.43888396,15.798636507333333,49.53647493933333
2018-04-12,102.371140268,366.79792692666666,14.022164238666667,48.10000660866667
2018-04-13,94.92050261866666,375.68095952,13.695591928533334,46.02866329333333
2018-04-14,102.69002853066667,361.33283336,15.0808359966,51.942463438
2018-04-15,106.8162749,359.40575519333333,14.567471279666666,54.37917282266667
2018-04-16,104.57815144133333,366.5871301866667,15.812742673333334,56.430827684
2018-04-17,86.59883378933334,375.4583037,13.023939268666666,37.625371538
2018-04-18,92.59594594733333,360.6374568666667,13.798437903666667,44.82829068066667
2018-04-19,86.43700721133334,360.12348846666663,14.466590095733332,46.68762173733333
2018-04-20,88.997816572,365.97462274000003,15.236045551266667,51.43951422
2018-04-21,93.858536284,375.42125284,15.077720150666666,55.63415453733333
2018-04-22,88.94503941266666,359.95506250666665,13.494935986933333,45.416017234
2018-04-23,78.477397132,345.4285502833333,12.9877489086,45.03119555
2018-04-25,76.83398524466666,375.13128314,13.059743341999999,58.93717750933333
2018-04-26,76.270119752,365.82754748,10.9387543292,41.68746289333333
2018-04-27,74.41377028800001,365.75014021333334,12.4369685326,33.50858484333333
2018-04-28,77.95141248066666,374.59935003333334,11.820090041266667,37.66152293466667
2018-04-29,71.28995743133333,375.4673879733333,11.780361844533333,33.799864742666664
2018-04-30,77.32143904333333,360.2882624466667,11.552986457866666,34.593533692
2018-05-01,77.25192969866667,361.51132536666665,11.8504872834,38.667921772
2018-05-02,85.32865722466667,360.84077678,12.811608259733333,57.870041877333335
2018-05-03,80.43697714066667,359.57757116666664,13.117982466600001,42.38044392333333
2018-05-04,75.45330798533332,361.83282388000003,12.4045834636,31.123734108666667
2018-05-05,72.05970598533334,360.21923260666665,12.0097023482,45.291860308666664
2018-05-06,76.48979314466666,362.71220652,11.412914968266668,45.402177476666665
2018-05-07,73.64299361533334,362.0386610333333,11.4865665752,45.547634411333334
2018-05-08,64.903026744,361.7734327333333,11.3090410846,31.917330555333333
2018-05-09,58.393574130000005,362.41166839333334,11.2571551498,10.5266932508
2018-05-10,53.76080963,360.4975375066667,11.156444329266666,9.536172120133333
2018-05-11,54.993468494,373.3148380133333,10.565799497066667,9.790579695866667
2018-05-12,57.082870182,363.0904804533333,11.993339978133333,9.421981811266667
2018-05-13,57.23562949266667,362.6490351933333,10.248195841133333,9.482129555733334
2018-05-14,55.720498294,359.8432052,11.084506479533333,10.72557993
2018-05-15,54.846760624666665,367.2565121266667,12.015418708333334,9.6006490842
2018-05-16,55.211050496666665,366.67812950666666,11.254549356333333,12.4515431824
2018-05-17,56.833488147333334,365.62351464666665,11.661967554866667,9.846660070733334
2018-05-18,58.908357906666666,365.7438525,11.480993203,9.985924715133333
2018-05-19,49.84787488733333,367.12220156,11.317551196733334,9.402618127333334
2018-05-20,49.94429175933333,370.72022444,12.110881864333333,9.541160009133334
2018-05-21,48.934876919333334,370.67540454666664,6.781588329333333,8.4515454858
2018-05-22,51.00613586066667,372.82341492666666,11.000212570466667,9.811463789500001
2018-05-24,55.578316040666664,367.96018592,10.967886739466667,9.158638286066667
2018-05-25,65.01013464533334,370.6038224266667,10.9348412498,10.1212399288
2018-05-26,56.810362833999996,369.85312480666664,10.7828646606,9.806930598866666
2018-05-27,55.33246646533333,383.46054374,6.8732479388,8.8706678536
2018-05-28,55.207633492,370.51648029333336,9.5660878374,9.0198302224
2018-05-29,58.271838374666665,380.6445382,6.823459095666666,9.180660987733333
2018-05-30,58.88110740333333,371.42486128,6.7289780764666665,9.959014299733333
2018-05-31,58.63853662333334,369.85393272,10.194453498333333,9.3853039904
2018-06-01,58.08110668733333,370.2904530733333,9.821366142733334,13.395066003333334
2018-06-02,57.198048936,363.6113982466667,7.061918451466667,10.038345063733333
2018-06-03,50.19830354933333,376.1613595933333,6.949745511533333,9.290995696733333
2018-06-04,54.075609456,375.36618561333336,6.941145222333334,9.174576346733334
2018-06-05,53.27162564066667,382.76278161333335,10.922683703333334,8.784005446933334
2018-06-06,55.790008887333336,377.3532539066667,19.851828604666668,8.680440254266667
2018-06-07,47.642990186,379.48403951333336,19.404617842,9.896351411266666
2018-06-08,51.47400957,383.74410044,18.526776350666665,9.422523483466666
2018-06-09,49.45032634,365.8261844533333,18.85653359066667,8.477716919466667
2018-06-10,49.431802696,370.16795096,14.848157298666667,8.7646863526
2018-06-11,59.34308729466667,371.2395221466667,14.868869512,11.931517675333334
2018-06-12,57.591663776000004,365.2831786,14.024691672466666,12.696393246
2018-06-13,59.86305782266667,336.6036656,11.132124135266666,11.560684476666667
2018-06-14,57.876049595333335,337.74088165333336,9.466973728866666,10.487793422666666
2018-06-15,55.19484716866666,368.19329976666666,12.140816678,10.814044393333333
2018-06-16,48.60228327466667,367.60370916,7.577681395333333,9.410446827933333
2018-06-17,46.532668900666664,366.41982574,7.6142727361333336,8.531425077333333
2018-06-18,51.66623820933333,366.88339558666667,8.070978730333334,10.5127970742
2018-06-19,52.127698308,376.53940722,6.707208683,9.9900168794
2018-06-20,49.58897225933333,377.52309568,6.671698644866667,8.604031328133333
2018-06-21,50.102851462,373.96759066,17.201387500666666,9.795399898733333
2018-06-22,50.397729308,373.84544351333335,15.786965400666666,11.950904752666666
2018-06-23,46.087712227333334,365.9696777666667,6.473454720066667,9.5770279502
2018-06-24,48.08665357733333,377.3539172133333,6.4258189042,7.989212524066667
2018-06-25,51.50755083133333,374.51076702666666,7.427316062333333,9.3675151986
2018-06-26,51.915213804000004,378.99034981333335,17.386542678666668,9.645533504933333
2018-06-27,50.22865483266666,362.72242337333336,17.108245299333333,10.036687282199999
2018-06-28,50.07114937866667,361.45149496666664,15.935087865333333,10.2550816698
2018-06-29,51.419274394666665,367.4243902266667,6.5451520584,9.107209392933333
2018-06-30,48.313213391333335,365.7331593133333,6.375976823466667,7.6699262816000005
2018-07-01,46.086362396,359.5622672133333,6.450072198866667,7.5303577436
2018-07-02,48.518823498,365.00342405333333,7.430397177066666,9.754992333266667
2018-07-03,48.896273904666664,360.12307576,7.443473595,8.877946951533334
2018-07-04,40.88813919133333,372.90104073333333,6.474277228333333,7.692921359933334
2018-07-05,42.830572448666665,371.06528473333333,17.455151802666666,7.613649101866667
2018-07-06,42.03251687466667,357.60937006666666,6.975911789733333,7.631040828066666
2018-07-07,44.101434936666664,359.5242850266667,6.9711354798,7.5057239384
2018-07-08,40.435975568,377.5313080066667,6.935956389066667,7.5612809338
2018-07-09,44.14065246,357.53395818666667,7.048895693333334,7.8354128016
2018-07-10,47.73252714266667,363.9230931733333,7.131144014533334,8.682243710933333
2018-07-11,69.347195778,371.13242902666667,9.790119619466667,10.061546280066667
2018-07-12,57.174085338666664,285.2684838866667,9.808912330466667,8.772196661466667
2018-07-13,45.325794244,285.6230062066667,7.698783990333333,8.2905118064
2018-07-14,41.364277492666666,286.04969479333334,6.457474342466667,7.624604139066666
2018-07-15,40.61655734266667,279.5652029066667,6.526015818466667,7.811801776666667
2018-07-16,44.453587308,283.9106541533333,9.3828090794,9.732426342666667
2018-07-17,45.912136622,283.74022476,17.87046691733333,9.268200377733333
2018-07-18,53.333089097333335,334.3399072,18.352495263333335,11.0345239496
2018-07-19,44.118438132,333.71926776,17.626400203333333,9.4513926834
2018-07-20,49.549988189333334,333.12678804,14.371117232,8.367599248333333
2018-07-21,40.10862456866667,332.6668067133333,14.373483602666667,7.5481544501333335
2018-07-22,39.34530981266667,332.8079820666667,14.34497295,7.4783924458
2018-07-23,44.71373471066667,345.67799756,15.033323896,10.426442442866668
2018-07-24,44.828165215333335,332.83913746666667,15.821501734,13.824019802
2018-07-25,43.142167424,338.82030582,17.020529832666668,14.510053788
2018-07-26,40.155207298,337.73116648,16.451967719333332,14.906732124
2018-07-27,41.867614356666664,339.38849192,14.855445106666666,13.064846685333334
2018-07-28,38.401221596666666,335.91848099333333,14.869487899333334,11.634744367333333
2018-07-29,36.498433082666665,335.10156429333335,14.928949808,11.259769703333333
2018-07-30,45.615845670666666,334.8100548066667,15.536320178,11.621835405333334
2018-07-31,41.48317952866667,335.15435056666666,30.464778792,12.108694725333333
2018-08-01,45.640079078666666,335.90195690666667,30.953065608666666,12.911525034666667
2018-08-02,44.35292956,335.50693813333334,29.439899642,11.885710119333334
2018-08-03,43.45213530466667,334.70787192666666,13.301253896,12.23930227
2018-08-04,43.184564185333336,282.7837176,13.924953920666667,13.204998158
2018-08-05,41.49328672266667,337.8738582866667,9.365199161133333,8.5226061038
2018-08-06,43.293046237333336,333.26405586,13.101166123333334,11.061600720666666
2018-08-15,59.63734118666667,336.14853558,15.54498088,12.014761301333333
2018-08-16,45.004889308,334.82429618,13.418789816666667,11.0280511302
2018-08-17,60.28425726933333,335.95224664666665,17.763175762,10.221054501333333
2018-08-18,49.13748655,325.37675512,12.369873678,9.731088692133333
2018-08-19,44.65299939933333,337.00381916,8.9343875114,9.7326131684
2018-08-20,48.06605746533333,334.81058998000003,16.210452506666666,10.318539208533332
2018-08-21,53.26940720733334,323.87120818666665,14.002831798,9.0637354712
2018-08-22,46.76365741066667,331.53372898,13.933129756666666,9.8636136362
2018-08-23,49.115537866,335.1228009133333,13.736574541333333,10.189063416666666
2018-08-24,53.048903071333335,333.15498413333336,15.97178583,10.843878692666667
2018-08-25,54.626314965333336,333.20597024,16.603507986,10.85638461
2018-08-27,50.14006977533333,322.78393808,17.088992059333332,11.794008394666667
2018-08-28,55.44988909933333,322.71866886,19.258520838666666,11.623849396
2018-08-29,58.27086958933334,321.08149788,16.623150128,12.520840803333334
2018-08-30,59.03469259533333,323.4047344133333,15.839985010666666,11.462210870666667
2018-08-31,60.913506148,320.24339098,13.386929906933332,12.576909350666666
2018-09-01,56.013225616666666,323.46790776,13.4474648148,10.176761113666666
2018-09-02,50.44727481066667,321.70697042666666,11.807924603733333,10.025509293266667
2018-12-15,100.57832446466666,389.81958784666665,14.8365335502,56.894256326
2018-12-16,99.257102768,375.30683354666667,16.00608890293333,70.275670262
2018-12-17,105.26719449733334,376.4650273066667,14.765629623333334,67.94667692666667
2018-12-18,103.8068983,377.47162888,15.817233361333335,74.58143396
2018-12-19,102.80415197133334,390.3688966733333,16.118199128666667,60.99180302133333
2018-12-20,108.73175878333333,390.6248046333333,19.435299895333333,65.946234186
2018-12-21,112.35607210666667,379.08094815333334,15.614385844,70.96574857866666
2018-12-22,102.28664721866667,388.70289321333337,15.221765754,57.70293723666667
2018-12-23,102.60931965533334,390.03547399333337,15.014101417733334,64.917263008
2018-12-24,104.45832487733334,391.4290212733333,15.329596618,65.35882361933334
2018-12-25,98.46215167866667,378.6766116333333,16.070289200666668,72.30386110333333
2018-12-26,103.383794734,359.7145324466667,16.06759797466667,69.73742068
2018-12-27,105.55420263333333,359.1756372,17.097151262,76.88366822333333
2018-12-28,101.50740840866666,358.8087125466667,14.6719698546,70.07377650666666
2018-12-29,100.85909513333333,358.85618417333336,15.220668134666667,70.24018215
2018-12-30,96.14117774933334,358.89059896,16.55382972,70.91952491133334
2018-12-31,85.62897723066666,357.98342470666665,13.7428251492,58.35191909733334
2019-01-01,76.54596190733334,355.20584980666666,14.814180188266667,51.991167260666664
2019-01-02,83.20341827466666,355.40466855333335,14.139496326,66.96429672266666
2019-01-03,88.26387067266667,357.4206033533333,16.933359292,57.416611906
2019-01-04,108.41585817533333,359.37618956666665,16.405398116,72.73803594666667
2019-01-05,107.12890746933334,359.63410029333335,15.736185794666667,76.66133705133333
2019-01-06,107.036661482,371.99564740666665,15.561534491,72.17625979
2019-01-07,116.46246986666667,371.71974976,14.728870028,72.22656623733333
2019-01-08,115.64257900666667,372.76549758666664,16.290990263333335,72.31940224666667
2019-01-09,120.35430946666666,367.1861017,17.640614166666666,71.41739483133334
2019-01-10,120.18633209333333,365.96931244666666,15.689322890666666,74.55548606533333
2019-01-11,113.07221132666666,353.77441646,16.197982290666666,78.70597148133334
2019-01-12,115.38229615333333,345.95516743999997,15.280853051333333,76.33895166266667
2019-01-13,111.83506313933333,342.6139219533333,16.419219464666668,72.7321511
2019-01-14,109.00224745333334,356.3178447866667,15.4048645746,58.193249290666664
2019-01-15,110.67454608133333,364.7957383533333,15.438363594666667,59.756183054666664
2019-01-16,105.86566580666667,364.1439917266667,17.303831642,62.550891822666664
2019-01-17,107.78158718066666,362.6512335,18.481609751333334,62.90172086
2019-01-18,108.82418908,361.57289694,15.098286148,67.00356551533334
2019-01-19,102.53144621533333,385.7520941066667,15.753620764866666,62.363949968
2019-01-20,94.33529867066667,385.5205245866667,15.735752212,64.831700578
2019-01-21,98.77232247133333,373.7551687866667,14.9024670928,71.829914432
2019-01-22,115.89701469333333,359.97505177333335,15.836417361,71.22800024533333
2019-01-23,107.88010993333333,363.16860847333334,16.8213716208,62.197394222
2019-01-24,95.04730356133334,367.5742284533333,14.533965978133333,44.951940782
2019-01-25,89.96856837666667,368.94732474666665,14.256654925,41.82437865666667
2019-01-26,75.84228849133333,368.29037521333333,12.766396823466666,41.283572466
2019-01-27,81.26770834666667,384.61395997333335,14.175121760933333,45.753172262
2019-01-28,84.85925251266667,382.3014481866667,14.9066072184,41.75163918133333
2019-01-29,84.12742639466667,363.6213201466667,15.1437259766,43.462022614666665
2019-01-30,87.15976235533333,353.8437677133333,16.354914426,63.845752360666665
2019-01-31,100.204947498,367.06757497333336,15.988536799333334,68.26487752933333
2019-02-01,105.47588570133334,367.79699231999996,16.568916415333334,66.72290037
2019-02-02,99.578461078,374.23605771333337,17.326786351333332,70.883713882
2019-02-03,96.90288606933333,360.5141284266667,15.369192,59.75577306466667
2019-02-04,83.570942684,358.0387643066667,14.924417660466666,59.92869831466667
2019-02-05,86.139358424,357.69830695999997,15.900350758666667,84.00270819266666
2019-02-06,83.585397086,357.4860273533333,15.705461885733333,46.033532142666665
2019-02-07,94.327503874,355.74717026,15.2963220684,50.95249307733333
2019-02-08,97.63261175733334,383.34401061333335,15.012542402533333,47.21193372133333
2019-02-09,90.84537059533334,369.5049127066667,14.946196000933334,46.301681359999996
2019-02-10,93.61589697666666,371.12760178,15.495082252066666,53.68986698
2019-02-11,92.78297493333334,355.53136936,15.520965937,86.42178676533334
2019-02-12,87.30800433733333,379.7443353333333,15.035147276866667,56.642335444
2019-02-13,99.09728623333334,366.65969305333334,16.871746243,55.82512548733333
2019-02-14,103.48668092933333,369.940328,14.606802860066667,63.229626842
2019-02-15,108.16645479333333,385.3086460733333,15.622000805333334,89.38514273599999
2019-02-16,102.40026086,362.40404380666666,15.143933282666666,59.618239516
2019-02-17,92.36981084533333,370.51255504,16.160001254,49.97373738666667
2019-02-18,90.29303333,354.40612256000003,13.075564963333333,41.165551179333335
2019-02-19,90.07270351866667,354.8894457466667,16.042266712666667,49.34527362
2019-02-20,91.62288648266667,358.8487282666667,18.476434476,55.368182575333336
2019-02-21,88.945663664,357.3175579466667,18.456356831333334,55.27074613933333
2019-02-22,114.26589282,372.488541,20.361475876,56.949425373333334
2019-02-23,99.40170312333333,371.60546152,16.052543434666667,70.990828328
2019-02-24,96.86368852666666,367.04377666,15.711689702666666,54.72635407933333
2019-02-25,96.23346710133333,371.2469767,17.441254264,56.96548774666667
2019-02-26,101.929042072,363.7038686466667,17.856357412,56.06403928066667
2019-02-27,108.93387115333333,371.9153172333333,16.213676194666668,44.361726051333335
2019-02-28,105.976700924,370.03168601333334,15.124804851333334,48.566928932
2019-03-01,101.177453,368.10443906666666,14.828792048666667,47.753664654666665
2019-03-02,97.55266938066667,358.49077968666666,13.9113695326,43.79930113133333
2019-03-03,90.86768726333334,367.7958208933333,13.607104323733333,44.08403159466667
2019-03-04,103.605799908,363.48654838666664,17.132661144,49.40950954733333
2019-03-05,107.10484972666667,361.7853966,16.058620030666667,48.033066285333334
2019-03-06,92.22096485,358.1635308466667,17.618651749333335,37.465900014666666
2019-03-07,89.06670915466667,362.9256202866667,14.187158647733334,40.569048638666665
2019-03-08,88.64088814666667,364.0404854866667,16.441497964666667,48.15560517666667
2019-03-09,85.15214696733334,356.9088368133333,15.265944141333334,37.30218595866667
2019-03-10,84.736187004,369.13834232,19.4783130225,39.6104157
2019-03-11,92.38972603933334,367.44290139333333,15.076749385333333,37.709835971333334
2019-03-12,90.46027775333333,371.5719767133333,14.113624139533334,41.059661367333334
2019-03-13,96.22922465866667,369.52531378,13.9648383594,47.58717674733333
2019-03-14,94.99994441666666,376.30415822,17.725627645333333,51.48597557066667
2019-03-15,86.59441754666666,365.7602852333333,14.0566059572,39.33023304066667
2019-03-16,82.953111206,365.98966426,13.918564485133333,43.194789066
2019-03-17,80.65534951533333,366.87466336666665,13.904761833,33.716336180666666
2019-03-18,82.94876748333333,360.87236657333335,14.093892839533334,36.955295454
2019-03-19,84.937976032,364.73127225999997,13.740996488866667,42.76358512266667
2019-03-20,96.921109528,356.90761844,14.412679902666667,52.295562673333336
2019-03-21,82.567005874,366.1054016,13.134235962933333,42.001737983333335
2019-03-22,74.14646862866667,362.11761820666663,14.084915257,39.89533284
2019-03-23,77.52808719533333,353.9098585666666,13.5953598526,46.701535954
2019-03-24,79.59414237466667,352.83016068666666,12.832012478733333,48.49121193333333
2019-03-25,81.075830084,352.72492321333334,13.978846820866666,35.757980950000004
2019-03-26,82.35468143266667,375.64660337333333,13.015214914333333,39.461852830666665
2019-03-27,87.92476130066667,376.95315701333334,13.8574880474,36.63965867333334
2019-03-28,95.45974439,374.69773934666665,14.596383354466667,40.75979953933333
2019-03-29,99.37173108733333,365.46494982666667,13.318853980333333,39.637460671333336
2019-03-30,98.42309086066666,365.29122660666667,13.605513396000001,50.06441808933333
2019-03-31,84.836049708,365.64262208,16.032357508,33.37715583666667
2019-04-01,88.09087530000001,364.5471254533333,13.779187747,42.276156578
2019-04-02,103.26480309,358.90400903333335,13.457510962466667,45.215243568
2019-04-03,117.93632617333334,370.4149453933333,15.838946134666667,62.23092366133333
2019-04-04,131.3324661,360.0845822466667,17.282414698,85.93546050866667
2019-04-05,110.72503162,356.95770942,15.230466623333333,64.29917671466667
2019-04-06,90.65509250733334,352.7439558533333,14.973323166666667,46.46522659
2019-04-07,93.68705005,360.37562732,14.4595516778,48.079855726
2019-04-08,86.373438806,361.24797542,14.495805429066667,37.00443407466667
2019-04-09,83.394961984666665,361.4467686866667,13.3083329162,33.981787068866666
2019-04-10,85.52990975,362.25589813333335,12.9957705098,28.526914738
2019-04-11,72.82197454266667,316.86484582,12.508665091533333,40.613568995
